,month,min_temp
2,3,-83.30729166666667
3,4,-82.74742268041237
1,2,-79.93258426966293
4,5,-79.30872483221476
0,1,-77.16091954022988
5,6,-75.29931972789116
11,12,-74.45180722891567
6,7,-72.28169014084507
10,11,-71.98550724637681
9,10,-71.98214285714286
8,9,-69.17164179104478
7,8,-68.38297872340425
