,month,pressure
0,6,745.0544217687075
1,5,748.5570469798657
2,7,795.1056338028169
3,4,806.3298969072165
4,12,842.156626506024
5,11,857.0144927536232
6,1,862.4885057471264
7,8,873.8297872340426
8,3,877.3229166666666
9,10,887.3125
10,2,889.4550561797753
11,9,913.3059701492538
